date,time,url,user_agent,source
"2025-12-06","00:16:37","/","cypex.ai/scanning Mozilla/5.0 (Macintosh; Intel Mac OS X 10_15_7) Chrome/126.0.0.0 Safari/537.36","3.134.148.59"
"2025-12-06","01:07:44","/favicon.ico","Mozilla/5.0 (compatible; CensysInspect/1.1; +https://about.censys.io/)","66.132.153.139"
"2025-12-06","16:50:49","/favicon.ico","Mozilla/5.0 (compatible; CensysInspect/1.1; +https://about.censys.io/)","66.132.153.117"
"2025-12-06","16:19:29","/wp-content/plugins/hellopress/wp_filemanager.php","","4.190.185.37"
"2025-12-06","03:15:48","/","'Mozilla/5.0 (compatible; GenomeCrawlerd/1.0; +https://www.nokia.com/genomecrawler)'","216.180.246.8"
"2025-12-06","23:54:34","/favicon.ico","Mozilla/5.0 (compatible; CensysInspect/1.1; +https://about.censys.io/)","66.132.153.140"
"2025-12-06","16:24:20","/favicon.ico","Mozilla/5.0 (compatible; CensysInspect/1.1; +https://about.censys.io/)","162.142.125.37"
"2025-12-06","21:16:26","/favicon.ico","Mozilla/5.0 (compatible; CensysInspect/1.1; +https://about.censys.io/)","167.94.138.57"
"2025-12-06","19:26:19","/favicon.ico","Mozilla/5.0 (compatible; CensysInspect/1.1; +https://about.censys.io/)","66.132.153.126"
"2025-12-06","20:22:34","/","Wget","185.16.39.146"
"2025-12-06","03:25:04","/.env","Mozilla/5.0 (Windows NT 10.0; Win64; x64) AppleWebKit/537.36 (KHTML, like Gecko) Chrome/116.0.5845.140 Safari/537.36","107.172.163.34"
"2025-12-06","16:20:56","/gmo.php","","4.190.185.37"
"2025-12-06","16:25:50","/abt.php","","4.190.185.37"
"2025-12-06","16:26:27","/wp-links-opml.php","","4.190.185.37"
"2025-12-06","16:22:33","/bless11.php","","4.190.185.37"
"2025-12-06","16:23:51","/wpls.php","","4.190.185.37"
"2025-12-06","16:24:55","/g.php","","4.190.185.37"
"2025-12-06","01:07:55","/graph_realtime.php?action=init","Mozilla/5.0 (rondo2012@atomicmail.io)","192.159.99.95"
"2025-12-06","16:20:09","/bless5.php","","4.190.185.37"
"2025-12-06","04:43:16","/","curl/7.64.1","8.219.168.69"
"2025-12-06","16:21:30","/wp-content/themes/admin.php","","4.190.185.37"
"2025-12-06","16:26:10","/wp-mail.php/wp-includes/ID3/rnEPv9.php","","4.190.185.37"
"2025-12-06","21:16:19","/","Mozilla/5.0 (compatible; CensysInspect/1.1; +https://about.censys.io/)","167.94.138.57"
"2025-12-06","16:21:58","/555.php","","4.190.185.37"
"2025-12-06","16:23:18","/hk.php","","4.190.185.37"
"2025-12-06","16:24:29","/jp.php","","4.190.185.37"
"2025-12-06","16:19:38","/ioxi-o2.php","","4.190.185.37"
"2025-12-06","16:24:35","/sid3.php","","4.190.185.37"
"2025-12-06","16:19:42","/raw.php","","4.190.185.37"
"2025-12-06","03:54:57","/robots.txt","Mozilla/5.0 (compatible; CensysInspect/1.1; +https://about.censys.io/)","66.132.153.131"
"2025-12-06","16:21:03","/file.php","","4.190.185.37"
"2025-12-06","16:25:54","/up.php","","4.190.185.37"
"2025-12-06","16:58:26","/","Mozilla/5.0 (compatible; tchelebi/1.0; +http://tchelebi.io)","35.202.9.133"
"2025-12-06","16:26:29","/build.php","","4.190.185.37"
"2025-12-06","16:22:40","/menu.php","","4.190.185.37"
"2025-12-06","16:24:58","/simple.php","","4.190.185.37"
"2025-12-06","02:03:20","/","Mozilla/5.0 (Windows NT 10.0; Win64; x64) AppleWebKit/537.36 (KHTML, like Gecko) Chrome/112.0.5615.137 Safari/537.36","138.197.37.179"
"2025-12-06","16:20:17","/abc.php","","4.190.185.37"
"2025-12-06","16:25:22","/wolv2.php","","4.190.185.37"
"2025-12-06","16:21:35","/cong.php","","4.190.185.37"
"2025-12-06","16:26:14","/zwso.php","","4.190.185.37"
"2025-12-06","21:20:32","/_layouts/15/toolpane.aspx/pod?displaymode=edit&pod=/toolpane.aspx","Mozilla/5.0 (X11; Ubuntu; Linux x86_64; rv:134.0) Gecko/20100101 Firefox/134.0","195.184.76.46"
"2025-12-06","16:22:02","/wp-content/themes/sketch/404.php","","4.190.185.37"
"2025-12-06","16:23:21","/owl.php","","4.190.185.37"
"2025-12-06","16:23:32","/ok.php","","4.190.185.37"
"2025-12-06","16:24:38","/gg.php","","4.190.185.37"
"2025-12-06","00:17:06","/","Mozilla/5.0 (Windows NT 10.0; Win64; x64) AppleWebKit/537.36 (KHTML, like Gecko) Chrome/120.0.6099.224 Safari/537.36","216.218.206.68"
"2025-12-06","16:19:48","/efile.php","","4.190.185.37"
"2025-12-06","04:38:13","/.env","Mozilla/5.0 (Windows NT 10.0; Win64; x64) AppleWebKit/537.36 (KHTML, like Gecko) Chrome/116.0.5845.140 Safari/537.36","107.173.36.147"
"2025-12-06","16:21:08","/bless.php","","4.190.185.37"
"2025-12-06","16:25:57","/js.php","","4.190.185.37"
"2025-12-06","19:26:19","/","Mozilla/5.0 (compatible; CensysInspect/1.1; +https://about.censys.io/)","66.132.153.126"
"2025-12-06","16:26:31","/lv.php","","4.190.185.37"
"2025-12-06","16:22:45","/031.php","","4.190.185.37"
"2025-12-06","16:24:09","/xtt.php","","4.190.185.37"
"2025-12-06","16:25:02","/wcas.php","","4.190.185.37"
"2025-12-06","02:52:54","/","","66.35.60.2"
"2025-12-06","16:20:27","/system.php","","4.190.185.37"
"2025-12-06","16:25:26","/gdn.php","","4.190.185.37"
"2025-12-06","16:26:43","/CLA.php","","4.190.185.37"
"2025-12-06","16:26:18","/r4f_1.php","","4.190.185.37"
"2025-12-06","23:23:27","/_layouts/15/spinstall0.aspx","Mozilla/5.0 (X11; Ubuntu; Linux x86_64; rv:134.0) Gecko/20100101 Firefox/134.0","195.184.76.248"
"2025-12-06","16:22:12","/hook.php","","4.190.185.37"
"2025-12-06","23:52:17","/security.txt","Mozilla/5.0 (compatible; CensysInspect/1.1; +https://about.censys.io/)","66.132.153.139"
"2025-12-06","16:22:15","/ffile.php","","4.190.185.37"
"2025-12-06","16:23:35","/cc.php","","4.190.185.37"
"2025-12-06","16:24:45","/class-t.api.php","","4.190.185.37"
"2025-12-06","00:18:02","http://api.ipify.org/?format=json","Mozilla/5.0 (Macintosh; Intel Mac OS X 10_15_7) AppleWebKit/605.1.15 (KHTML, like Gecko) Version/26.0 Safari/605.1.15","216.218.206.68"
"2025-12-06","16:19:52","/ton.php","","4.190.185.37"
"2025-12-06","04:56:16","/","Mozilla/5.0 (Macintosh; Intel Mac OS X 10_15_7) AppleWebKit/537.36 (KHTML, like Gecko) Chrome/96.0.4664.110 Safari/537.36","123.160.223.74"
"2025-12-06","16:21:13","/333.php","","4.190.185.37"
"2025-12-06","16:26:00","/update/f35.php","","4.190.185.37"
"2025-12-06","19:37:51","/HNAP1/","","115.55.24.255"
"2025-12-06","16:26:36","/filemanager.php","","4.190.185.37"
"2025-12-06","16:22:57","/.well-known/acme-challenge/about.php","","4.190.185.37"
"2025-12-06","16:24:17","/class20.php","","4.190.185.37"
"2025-12-06","16:25:12","/v2.php","","4.190.185.37"
"2025-12-06","02:57:39","/.env.local","Mozilla/5.0 (Security-Audit)","92.118.39.30"
"2025-12-06","16:20:42","/inputs.php","","4.190.185.37"
"2025-12-06","16:25:31","/asd67.php","","4.190.185.37"
"2025-12-06","16:26:50","/tgrs.php","","4.190.185.37"
"2025-12-06","16:26:20","/ext.php","","4.190.185.37"
"2025-12-06","16:27:00","/z.php","","4.190.185.37"
"2025-12-06","16:26:23","/pp.php","","4.190.185.37"
"2025-12-06","23:54:41","/security.txt","Mozilla/5.0 (compatible; CensysInspect/1.1; +https://about.censys.io/)","66.132.153.140"
"2025-12-06","16:22:22","/666.php","","4.190.185.37"
"2025-12-06","16:23:41","/radio.php","","4.190.185.37"
"2025-12-06","16:24:50","/file18.php","","4.190.185.37"
"2025-12-06","00:30:45","/","Mozilla/5.0 (Macintosh; Intel Mac OS X 10_15_7) AppleWebKit/537.36 (KHTML, like Gecko) Chrome/134.0.0.0 Safari/537.36","95.214.52.170"
"2025-12-06","16:19:57","/n3.php","","4.190.185.37"
"2025-12-06","04:56:31","/static/js/app.8770450c4c01bd9aab11.js","Mozilla/5.0 (Macintosh; Intel Mac OS X 10_15_7) AppleWebKit/537.36 (KHTML, like Gecko) Chrome/114.0.0.0 Safari/537.36","123.160.223.75"
"2025-12-06","16:21:23","/admir.php","","4.190.185.37"
"2025-12-06","16:26:05","/wp-load.php","","4.190.185.37"
"2025-12-06","21:03:16","/","Hello from Palo Alto Networks, find out more about our scans in https://docs-cortex.paloaltonetworks.com/r/1/Cortex-Xpanse/Scanning-activity","198.235.24.144"
"2025-12-06","16:21:45","/NewFile.php","","4.190.185.37"
"2025-12-06","16:23:03","/k.php","","4.190.185.37"
"2025-12-06","16:24:20","/shellalfa.php","","4.190.185.37"
"2025-12-06","16:25:19","/fileas.php","","4.190.185.37"
"2025-12-06","02:57:39","/app.js","Mozilla/5.0 (Security-Audit)","92.118.39.30"
"2025-12-06","16:20:48","/wsd.php","","4.190.185.37"
"2025-12-06","16:25:40","/usep.php","","4.190.185.37"
"2025-12-06","16:20:55","/p.php","","4.190.185.37"
"2025-12-06","16:25:50","/hello.php","","4.190.185.37"
"2025-12-06","16:50:46","/","Mozilla/5.0 (compatible; CensysInspect/1.1; +https://about.censys.io/)","66.132.153.117"
"2025-12-06","16:26:25","/wp-admin/maint/index.php","","4.190.185.37"
"2025-12-06","16:22:30","/0x.php","","4.190.185.37"
"2025-12-06","16:23:48","/lo.php","","4.190.185.37"
"2025-12-06","16:24:54","/acp.php","","4.190.185.37"
"2025-12-06","01:07:50","/login","Mozilla/5.0 (compatible; CensysInspect/1.1; +https://about.censys.io/)","66.132.153.139"
"2025-12-06","16:20:07","/an.php","","4.190.185.37"
"2025-12-06","04:42:34","/admin/config.php","xfa1","212.83.150.6"
"2025-12-06","16:21:28","/wp-admin/admin-post.php","","4.190.185.37"
"2025-12-06","16:26:09","/new.php","","4.190.185.37"
"2025-12-06","21:14:38","/_layouts/15/toolpane.aspx/pod?displaymode=edit&pod=/toolpane.aspx","Mozilla/5.0 (X11; Ubuntu; Linux x86_64; rv:134.0) Gecko/20100101 Firefox/134.0","195.184.76.251"
"2025-12-06","16:21:55","/wp-includes/sodium_compat/index.php","","4.190.185.37"
"2025-12-06","16:23:14","/file9.php","","4.190.185.37"
"2025-12-06","16:24:28","/a2.php","","4.190.185.37"
"2025-12-06","16:19:36","/bkxzo.php","","4.190.185.37"
"2025-12-06","03:22:22","/GponForm/diag_Form?images/","Hello, World","103.26.82.118"
"2025-12-06","16:19:40","/404.php","","4.190.185.37"
"2025-12-06","16:21:00","/wp-configs.php","","4.190.185.37"
"2025-12-06","16:25:53","/layout.php","","4.190.185.37"
"2025-12-06","17:10:43","/","Mozilla/5.0 (iPhone; CPU iPhone OS 13_2_3 like Mac OS X) AppleWebKit/605.1.15 (KHTML, like Gecko) Version/13.0.3 Mobile/15E148 Safari/604.1","43.130.57.76"
"2025-12-06","16:26:28","/wp-includes/IXR/about.php","","4.190.185.37"
"2025-12-06","16:22:37","/card.php","","4.190.185.37"
"2025-12-06","16:23:59","/inde.php","","4.190.185.37"
"2025-12-06","16:24:56","/class.php","","4.190.185.37"
"2025-12-06","02:03:20","/","","138.197.37.179"
"2025-12-06","16:20:14","/1.php","","4.190.185.37"
"2025-12-06","15:59:14","/login","Go-http-client/1.1","45.38.44.221"
"2025-12-06","16:21:32","/alfa.php","","4.190.185.37"
"2025-12-06","16:26:12","/log.php","","4.190.185.37"
"2025-12-06","21:17:07","/.well-known/security.txt","Mozilla/5.0 (compatible; CensysInspect/1.1; +https://about.censys.io/)","167.94.138.57"
"2025-12-06","16:22:00","/AxAo.php","","4.190.185.37"
"2025-12-06","16:23:19","/wp-gr.php","","4.190.185.37"
"2025-12-06","16:24:33","/fe5.php","","4.190.185.37"
"2025-12-06","16:24:37","/new4.php","","4.190.185.37"
"2025-12-06","16:19:46","/bolt.php","","4.190.185.37"
"2025-12-06","04:00:28","/","Mozilla/5.0 (Windows NT 10.0; Win64; x64) AppleWebKit/537.36 (KHTML, like Gecko) Chrome/120.0.0.0 Safari/537.36","51.81.242.185"
"2025-12-06","16:21:06","/a.php","","4.190.185.37"
"2025-12-06","16:25:56","/nope.php","","4.190.185.37"
"2025-12-06","17:49:37","/","Mozilla/5.0 (Linux; Android 9; SM-G960W) AppleWebKit/537.36 (KHTML, like Gecko) Chrome/76.0.3809.111 Mobile Safari/537.36","93.174.93.12"
"2025-12-06","16:26:30","/lib.php","","4.190.185.37"
"2025-12-06","16:22:44","/file3.php","","4.190.185.37"
"2025-12-06","16:24:08","/zxin.php","","4.190.185.37"
"2025-12-06","16:25:01","/33.php","","4.190.185.37"
"2025-12-06","02:52:47","/","Mozilla/5.0 (iPhone; CPU iPhone OS 13_2_3 like Mac OS X) AppleWebKit/605.1.15 (KHTML, like Gecko) Version/13.0.3 Mobile/15E148 Safari/604.1","43.153.26.165"
"2025-12-06","16:20:24","/classwithtostring.php","","4.190.185.37"
"2025-12-06","16:25:25","/shell1.php","","4.190.185.37"
"2025-12-06","16:21:40","/lock360.php","","4.190.185.37"
"2025-12-06","16:26:17","/fm.php","","4.190.185.37"
"2025-12-06","22:48:19","/.git/index","Mozilla/5.0 (Macintosh; Intel Mac OS X 10_12_6) AppleWebKit/604.3.5 (KHTML, like Gecko) Version/11.0.1 Safari/604.3.5","45.142.193.164"
"2025-12-06","16:22:09","/file1.php","","4.190.185.37"
"2025-12-06","16:23:28","/file21.php","","4.190.185.37"
"2025-12-06","16:22:14","/file4.php","","4.190.185.37"
"2025-12-06","16:23:34","/zc-903.php","","4.190.185.37"
"2025-12-06","16:24:42","/gelap.php","","4.190.185.37"
"2025-12-06","00:17:49","/favicon.ico","Mozilla/5.0 (Macintosh; Intel Mac OS X 10_15_7) AppleWebKit/605.1.15 (KHTML, like Gecko) Version/26.0 Safari/605.1.15","216.218.206.68"
"2025-12-06","16:19:51","/222.php","","4.190.185.37"
"2025-12-06","04:35:43","/","","79.124.40.86"
"2025-12-06","16:21:11","/an7.php","","4.190.185.37"
"2025-12-06","16:25:59","/media.php","","4.190.185.37"
"2025-12-06","19:26:25","/security.txt","Mozilla/5.0 (compatible; CensysInspect/1.1; +https://about.censys.io/)","66.132.153.126"
"2025-12-06","16:26:33","/about.php","","4.190.185.37"
"2025-12-06","16:22:51","/dlu.php","","4.190.185.37"
"2025-12-06","16:24:14","/noe.php","","4.190.185.37"
"2025-12-06","16:25:08","/f6.php","","4.190.185.37"
"2025-12-06","02:57:38","/.env","Mozilla/5.0 (Security-Audit)","92.118.39.30"
"2025-12-06","16:20:37","/chosen.php","","4.190.185.37"
"2025-12-06","16:25:29","/autoload_classmap.php","","4.190.185.37"
"2025-12-06","16:26:47","/ouh.php","","4.190.185.37"
"2025-12-06","16:26:19","/content.php","","4.190.185.37"
"2025-12-06","23:30:05","/_layouts/15/spinstall0.aspx","Mozilla/5.0 (X11; Ubuntu; Linux x86_64; rv:134.0) Gecko/20100101 Firefox/134.0","195.184.76.43"
"2025-12-06","16:26:22","/wfile.php","","4.190.185.37"
"2025-12-06","16:22:20","/aa.php","","4.190.185.37"
"2025-12-06","16:23:39","/info.php","","4.190.185.37"
"2025-12-06","16:24:48","/wp-content/uploads/index.php","","4.190.185.37"
"2025-12-06","00:33:48","/","Mozilla/5.0 zgrab/0.x","194.195.210.47"
"2025-12-06","16:19:56","/sto.php","","4.190.185.37"
"2025-12-06","04:56:27","/cgi-bin/login","Mozilla/5.0 (Macintosh; Intel Mac OS X 10_15_7) AppleWebKit/537.36 (KHTML, like Gecko) Chrome/114.0.0.0 Safari/537.36","123.160.223.74"
"2025-12-06","16:21:20","/mds.php","","4.190.185.37"
"2025-12-06","16:26:03","/wp-content/uploads/wp-conflg.php","","4.190.185.37"
"2025-12-06","20:15:10","/GponForm/diag_Form?images/","Hello, World","84.46.247.156"
"2025-12-06","16:21:44","/wp-admin/css/colour.php","","4.190.185.37"
"2025-12-06","16:23:01","/lala.php","","4.190.185.37"
"2025-12-06","16:25:16","/lol.php","","4.190.185.37"
"2025-12-06","02:57:39","/main.js","Mozilla/5.0 (Security-Audit)","92.118.39.30"
"2025-12-06","16:20:45","/ze.php","","4.190.185.37"
"2025-12-06","16:25:38","/manager.php","","4.190.185.37"
"2025-12-06","16:26:57","/gifclass4.php","","4.190.185.37"
"2025-12-06","16:20:54","/wp-is.php","","4.190.185.37"
"2025-12-06","16:25:44","/wp-content/packed.php","","4.190.185.37"
"2025-12-06","16:32:34","/","Mozilla/5.0 (Windows NT 10.0; Win64; x64; rv:136.0) Gecko/20100101 Firefox/136.","95.214.52.170"
"2025-12-06","16:26:24","/test2.php","","4.190.185.37"
"2025-12-06","16:22:29","/fs.php","","4.190.185.37"
"2025-12-06","16:23:44","/tox.php","","4.190.185.37"
"2025-12-06","16:24:53","/wp-good.php","","4.190.185.37"
"2025-12-06","16:20:04","/mans.php","","4.190.185.37"
"2025-12-06","04:56:37","/favicon.ico","Mozilla/5.0 (Macintosh; Intel Mac OS X 10_15_7) AppleWebKit/537.36 (KHTML, like Gecko) Chrome/96.0.4664.110 Safari/537.36","123.160.223.75"
"2025-12-06","16:21:25","/moon.php","","4.190.185.37"
"2025-12-06","16:26:07","/sko.php","","4.190.185.37"
"2025-12-06","21:12:51","/_layouts/15/toolpane.aspx/pod?displaymode=edit&pod=/toolpane.aspx","Mozilla/5.0 (X11; Ubuntu; Linux x86_64; rv:134.0) Gecko/20100101 Firefox/134.0","195.184.76.255"
"2025-12-06","16:21:51","/v3.php","","4.190.185.37"
"2025-12-06","16:23:11","/gifclass.php","","4.190.185.37"
"2025-12-06","16:24:23","/.well-known/security.txt","Mozilla/5.0 (compatible; CensysInspect/1.1; +https://about.censys.io/)","162.142.125.37"
"2025-12-06","16:19:33","/shoha.php","","4.190.185.37"
"2025-12-06","02:57:40","/.git/HEAD","Mozilla/5.0 (Security-Audit)","92.118.39.30"
"2025-12-06","16:19:39","/777.php","","4.190.185.37"
"2025-12-06","03:25:04","/","Mozilla/5.0 (Windows NT 10.0; Win64; x64) AppleWebKit/537.36 (KHTML, like Gecko) Chrome/116.0.5845.140 Safari/537.36","107.172.163.34"
"2025-12-06","16:20:58","/class19.php","","4.190.185.37"
"2025-12-06","16:25:51","/jmfi2.php","","4.190.185.37"
"2025-12-06","16:53:28","/login","Mozilla/5.0 (compatible; CensysInspect/1.1; +https://about.censys.io/)","66.132.153.117"
"2025-12-06","16:26:27","/mah.php","","4.190.185.37"
"2025-12-06","16:22:34","/indo.php","","4.190.185.37"
"2025-12-06","16:23:55","/geck.php","","4.190.185.37"
"2025-12-06","16:24:56","/static/sallu.php","","4.190.185.37"
"2025-12-06","02:09:42","/functions/ajax_system.php","Mozilla/5.0 (rondo2012@atomicmail.io)","192.159.99.95"
"2025-12-06","16:20:11","/403.php","","4.190.185.37"
"2025-12-06","04:46:28","/_next/flight","Mozilla/5.0 (X11; Linux x86_64; rv:89.0) Gecko/20100101 Firefox/89.0","85.11.167.3"
"2025-12-06","16:21:31","/wp-admin/includes/xmrlpc.php","","4.190.185.37"
"2025-12-06","16:26:11","/png.php","","4.190.185.37"
"2025-12-06","16:21:59","/menu.phphttps://robertatimothy.com/wp-content/packed.php","","4.190.185.37"
"2025-12-06","16:23:18","/yas.php","","4.190.185.37"
"2025-12-06","16:24:31","/cccc.php","","4.190.185.37"
"2025-12-06","16:24:36","/v4.php","","4.190.185.37"
"2025-12-06","00:01:22","/","Hello from Palo Alto Networks, find out more about our scans in https://docs-cortex.paloaltonetworks.com/r/1/Cortex-Xpanse/Scanning-activity","198.235.24.136"
"2025-12-06","16:19:44","/m.php","","4.190.185.37"
"2025-12-06","03:55:00","/favicon.ico","Mozilla/5.0 (compatible; CensysInspect/1.1; +https://about.censys.io/)","66.132.153.131"
"2025-12-06","16:21:05","/asas.php","","4.190.185.37"
"2025-12-06","16:25:55","/flower.php","","4.190.185.37"
"2025-12-06","17:26:12","/","Mozilla/5.0 (iPhone; CPU iPhone OS 13_2_3 like Mac OS X) AppleWebKit/605.1.15 (KHTML, like Gecko) Version/13.0.3 Mobile/15E148 Safari/604.1","170.106.15.3"
"2025-12-06","16:26:29","/atomlib.php","","4.190.185.37"
"2025-12-06","16:22:43","/mnkalo.php","","4.190.185.37"
"2025-12-06","16:24:06","/2.php","","4.190.185.37"
"2025-12-06","16:25:00","/ioxi-o.php","","4.190.185.37"
"2025-12-06","02:18:48","/.git/config","Mozilla/5.0 (compatible; Scanner/1.0)","37.120.246.141"
"2025-12-06","16:20:21","/o.php","","4.190.185.37"
"2025-12-06","16:25:24","/ava.php","","4.190.185.37"
"2025-12-06","16:21:37","/123.php","","4.190.185.37"
"2025-12-06","16:26:15","/about3.php","","4.190.185.37"
"2025-12-06","21:47:24","/","Hello from Palo Alto Networks, find out more about our scans in https://docs-cortex.paloaltonetworks.com/r/1/Cortex-Xpanse/Scanning-activity","205.210.31.13"
"2025-12-06","16:22:05","/nc.php","","4.190.185.37"
"2025-12-06","16:23:24","/mo.php","","4.190.185.37"
"2025-12-06","16:23:33","/444.php","","4.190.185.37"
"2025-12-06","16:24:39","/wp-update.php","","4.190.185.37"
"2025-12-06","00:17:47","/cgi-bin/login","Mozilla/5.0 (Fedora; Linux x86_64) AppleWebKit/537.36 (KHTML, like Gecko) Chrome/121.0.0.0 Safari/537.36","216.218.206.68"
"2025-12-06","16:19:49","/db.php","","4.190.185.37"
"2025-12-06","04:38:13","/","Mozilla/5.0 (Windows NT 10.0; Win64; x64) AppleWebKit/537.36 (KHTML, like Gecko) Chrome/116.0.5845.140 Safari/537.36","107.173.36.147"
"2025-12-06","16:21:09","/file15.php","","4.190.185.37"
"2025-12-06","16:25:58","/wp-content/upgrade/index.php","","4.190.185.37"
"2025-12-06","16:26:32","/class-wp.php","","4.190.185.37"
"2025-12-06","16:22:47","/mws.php","","4.190.185.37"
"2025-12-06","16:24:11","/index/function.php","","4.190.185.37"
"2025-12-06","16:25:05","/wp-content/uploads/wp.php","","4.190.185.37"
"2025-12-06","02:57:38","/.git/config","Mozilla/5.0 (Security-Audit)","92.118.39.30"
"2025-12-06","16:20:34","/ahax.php","","4.190.185.37"
"2025-12-06","16:25:27","/doc.php","","4.190.185.37"
"2025-12-06","16:26:45","/ol.php","","4.190.185.37"
"2025-12-06","16:26:18","/ftp.php","","4.190.185.37"
"2025-12-06","23:25:56","/_layouts/15/spinstall0.aspx","Mozilla/5.0 (X11; Ubuntu; Linux x86_64; rv:134.0) Gecko/20100101 Firefox/134.0","195.184.76.44"
"2025-12-06","16:22:14","/wp-includes/style-engine/index.php","","4.190.185.37"
"2025-12-06","23:54:33","/","Mozilla/5.0 (compatible; CensysInspect/1.1; +https://about.censys.io/)","66.132.153.140"
"2025-12-06","16:22:17","/wp1.php","","4.190.185.37"
"2025-12-06","16:23:37","/nij.php","","4.190.185.37"
"2025-12-06","16:24:46","/000.php","","4.190.185.37"
"2025-12-06","00:13:48","/admin/config.php","Mozilla/5.0 (X11; Ubuntu; Linux x86_64; rv:104.0) Gecko/20100101 Firefox/104.0","51.15.1.49"
"2025-12-06","16:19:54","/wp.php","","4.190.185.37"
"2025-12-06","04:56:24","/","Mozilla/5.0 (Macintosh; Intel Mac OS X 10_15_7) AppleWebKit/537.36 (KHTML, like Gecko) Chrome/114.0.0.0 Safari/537.36","123.160.223.74"
"2025-12-06","16:21:15","/n.php","","4.190.185.37"
"2025-12-06","16:26:02","/default.php","","4.190.185.37"
"2025-12-06","16:26:39","/mail.php","","4.190.185.37"
"2025-12-06","16:22:58","/wp-the1me.php","","4.190.185.37"
"2025-12-06","16:24:20","/","Mozilla/5.0 (compatible; CensysInspect/1.1; +https://about.censys.io/)","162.142.125.37"
"2025-12-06","16:25:14","/file5.php","","4.190.185.37"
"2025-12-06","02:57:39","/config.js","Mozilla/5.0 (Security-Audit)","92.118.39.30"
"2025-12-06","16:20:44","/shell.php","","4.190.185.37"
"2025-12-06","16:25:36","/12.php","","4.190.185.37"
"2025-12-06","16:26:53","/system_log.php","","4.190.185.37"
"2025-12-06","16:26:21","/himu.php","","4.190.185.37"
"2025-12-06","16:25:42","/auth.php","","4.190.185.37"
"2025-12-06","16:27:03","/akcc.php","","4.190.185.37"
"2025-12-06","16:26:24","/miansha.php","","4.190.185.37"
"2025-12-06","16:22:25","/wb.php","","4.190.185.37"
"2025-12-06","16:23:43","/wp-admin/js/wp-conflg.php","","4.190.185.37"
"2025-12-06","16:24:52","/v.php","","4.190.185.37"
"2025-12-06","01:07:37","/","Mozilla/5.0 (compatible; CensysInspect/1.1; +https://about.censys.io/)","66.132.153.139"
"2025-12-06","16:20:00","/luxe.php","","4.190.185.37"
"2025-12-06","04:56:31","/static/js/4967.ea02da353bc65fa59bb1.js","Mozilla/5.0 (Macintosh; Intel Mac OS X 10_15_7) AppleWebKit/537.36 (KHTML, like Gecko) Chrome/114.0.0.0 Safari/537.36","123.160.223.74"
"2025-12-06","16:21:24","/wp-admin/maint/wp-is.php","","4.190.185.37"
"2025-12-06","16:26:06","/f35.php","","4.190.185.37"
"2025-12-06","21:04:17","/","Mozilla/5.0 (X11; CrOS x86_64 14541.0.0) AppleWebKit/537.36 (KHTML, like Gecko) Chrome/134.0.0.0 Safari/537.36","95.214.52.170"
"2025-12-06","16:21:48","/wp-x7.php","","4.190.185.37"
"2025-12-06","16:23:08","/css.php","","4.190.185.37"
"2025-12-06","16:24:22","/te.php","","4.190.185.37"
"2025-12-06","16:25:21","/error.php","","4.190.185.37"
"2025-12-06","02:57:40","/env.js","Mozilla/5.0 (Security-Audit)","92.118.39.30"
"2025-12-06","16:20:54","/file32.php","","4.190.185.37"
